%d/%m/%y, %I:%M:%S %p
%d/%m/%y, %H:%M
%m/%d/%y, %I:%M:%S %p
%m/%d/%y, %H:%M
%d/%m/%Y, %I:%M:%S %p
%d/%m/%Y, %H:%M
%m/%d/%Y, %I:%M:%S %p
%m/%d/%Y, %H:%M
%d/%m/%y, %H:%M:%S
%m/%d/%y, %H:%M:%S
%d/%m/%Y, %H:%M:%S
%m/%d/%Y, %H:%M:%S
%d-%m-%y, %I:%M:%S %p
%d-%m-%y, %H:%M
%m-%d-%y, %I:%M:%S %p
%m-%d-%y, %H:%M
%d-%m-%Y, %I:%M:%S %p
%d-%m-%Y, %H:%M
%m-%d-%Y, %I:%M:%S %p
%m-%d-%Y, %H:%M
%d-%m-%y, %H:%M:%S
%m-%d-%y, %H:%M:%S
%d-%m-%Y, %H:%M:%S
%m-%d-%Y, %H:%M:%S
%d-%m-%y, %I:%M:%S %p
%d-%m-%y, %H:%M
%m-%d-%y, %I:%M:%S %p
%m-%d-%y, %H:%M
%d-%m-%Y, %I:%M:%S %p
%d-%m-%Y, %H:%M
%m-%d-%Y, %I:%M:%S %p
%m-%d-%Y, %H:%M
%d-%m-%y, %H:%M:%S
%m-%d-%y, %H:%M:%S
%d-%m-%Y, %H:%M:%S
%m-%d-%Y, %H:%M:%S
%d-%b-%y, %I:%M:%S %p
%d-%b-%y, %H:%M
%b-%d-%y, %I:%M:%S %p
%b-%d-%y, %H:%M
%d-%b-%Y, %I:%M:%S %p
%d-%b-%Y, %H:%M
%b-%d-%Y, %I:%M:%S %p
%b-%d-%Y, %H:%M
%d-%b-%y, %H:%M:%S
%b-%d-%y, %H:%M:%S
%d-%b-%Y, %H:%M:%S
%b-%d-%Y, %H:%M:%S
%d/%b/%y, %I:%M:%S %p
%d/%b/%y, %H:%M
%b/%d/%y, %I:%M:%S %p
%b/%d/%y, %H:%M
%d/%b/%Y, %I:%M:%S %p
%d/%b/%Y, %H:%M
%b/%d/%Y, %I:%M:%S %p
%b/%d/%Y, %H:%M
%d/%b/%y, %H:%M:%S
%b/%d/%y, %H:%M:%S
%d/%b/%Y, %H:%M:%S
%b/%d/%Y, %H:%M:%S
%d %b %y, %I:%M:%S %p
%d %b %y, %H:%M
%b %d %y, %I:%M:%S %p
%b %d %y, %H:%M
%d %b %Y, %I:%M:%S %p
%d %b %Y, %H:%M
%b %d %Y, %I:%M:%S %p
%b %d %Y, %H:%M
%d %b %y, %H:%M:%S
%b %d %y, %H:%M:%S
%d %b %Y, %H:%M:%S
%b %d %Y, %H:%M:%S
%d %b, %y, %I:%M:%S %p
%d %b, %y, %H:%M
%b %d, %y, %I:%M:%S %p
%b %d, %y, %H:%M
%d %b, %Y, %I:%M:%S %p
%d %b, %Y, %H:%M
%b %d, %Y, %I:%M:%S %p
%b %d, %Y, %H:%M
%d %b, %y, %H:%M:%S
%b %d, %y, %H:%M:%S
%d %b, %Y, %H:%M:%S
%b %d, %Y, %H:%M:%S
%y/%m/%d, %I:%M:%S %p
%y%m/%d, %H:%M
%Y/%m/%d, %I:%M:%S %p
%Y/%m/%d, %H:%M
%y/%m/%d, %H:%M:%S
%Y/%m/%d, %H:%M:%S
%y-%m-%d, %I:%M:%S
%y-%m-%d, %H:%M
%Y-%m-%d, %I:%M:%S %p
%Y-%m-%d, %H:%M
%y-%m-%d, %H:%M:%S
%Y-%m-%d, %H:%M:%S
%y-%m-%d, %I:%M:%S %p
%y-%m-%d, %H:%M
%Y-%m-%d, %I:%M:%S %p
%Y-%m-%d, %H:%M
%y-%m-%d, %H:%M:%S
%Y-%m-%d, %H:%M:%S
%y-%b-%d, %I:%M:%S %p
%y-%b-%d, %H:%M
%Y-%b-%d, %I:%M:%S %p
%Y-%b-%d, %H:%M
%y-%b-%d, %H:%M:%S
%Y-%b-%d, %H:%M:%S
%y/%b/%d, %I:%M:%S %p
%y/%b/%d, %H:%M
%Y/%b/%d, %I:%M:%S %p
%Y/%b/%d, %H:%M
%y/%b/%d, %H:%M:%S
%Y/%b/%d, %H:%M:%S
%y %b %d, %I:%M:%S %p
%y %b %d, %H:%M 
%Y %b %d, %I:%M:%S %p
%Y %b %d, %H:%M
%y %b %d, %H:%M:%S
%Y %b %d, %H:%M:%S
%y, %b %d, %I:%M:%S %p
%y, %b %d, %H:%M
%Y, %b %d, %I:%M:%S %p
%Y, %b %d, %H:%M
%y, %b %d, %H:%M:%S
%Y, %b %d, %H:%M:%S
%d/%m/%y, %I:%M %p
%b %d %y, %I:%M %p
%b %d %Y, %I:%M %p
%b %d, %y, %I:%M %p
%b %d, %Y, %I:%M %p
%b-%d-%y, %I:%M %p
%b-%d-%Y, %I:%M %p
%b/%d/%y, %I:%M %p
%b/%d/%Y, %I:%M %p
%d %b %y, %I:%M %p
%d %b %Y, %I:%M %p
%d %b, %y, %I:%M %p
%d %b, %Y, %I:%M %p
%d-%b-%y, %I:%M %p
%d-%b-%Y, %I:%M %p
%d-%m-%y, %I:%M %p
%d-%m-%Y, %I:%M %p
%d-%m-%y, %I:%M %p
%d-%m-%Y, %I:%M %p
%d/%b/%y, %I:%M %p
%d/%b/%Y, %I:%M %p
%d/%m/%Y, %I:%M %p
%m-%d-%y, %I:%M %p
%m-%d-%Y, %I:%M %p
%m-%d-%y, %I:%M %p
%m-%d-%Y, %I:%M %p
%m/%d/%y, %I:%M %p
%m/%d/%Y, %I:%M %p
%y %b %d, %I:%M %p
%Y %b %d, %I:%M %p
%y-%b-%d, %I:%M %p
%Y-%b-%d, %I:%M %p
%y-%m-%d, %I:%M %p
%Y-%m-%d, %I:%M %p
%y-%m-%d, %I:%M %p
%Y-%m-%d, %I:%M %p
%y, %b %d, %I:%M %p
%Y, %b %d, %I:%M %p
%y/%b/%d, %I:%M %p
%Y/%b/%d, %I:%M %p
%y/%m/%d, %I:%M %p
%Y/%m/%d, %I:%M %p
%d. %m. %Y. %H:%M
%d.%m.%Y %H:%M:%S
%d/%m/%y %I:%M %p
%d/%m/%y %H:%M